Key,Value
0x18f3_3223,2
0x18f3_2221,1
0x07b9_2221,1
0x07b9_2212,1
0x07b9_1222,2
0x07b9_2122,0
0x829a_2122,1
0x829a_1222,0
0x89a4_1432,2
0x89a4_1423,2
0x89a4_4322,2
0x89a4_2122,1
0x2ef2_3231,3
0x2ef5_2221,0
0xabd9_2212,1
0x19f8_2221,2
0x1781_2234,2
0x2afe_2221,0
0x2afe_2212,1
0x2afe_2122,1
0x8ae6_3221,2
0x8ef3_2221,0
0x89f7_1222,2
0x8002_2122,0
0x8002_2212,0
0x689e_2221,1
0x68bc_1332,2
0x99f3_1332,2
0x1afd_3132,3
0x18e2_2221,0
0x0aed_2212,1
0x0aed_1222,1
0x87b1_1222,1
0x87b1_2212,2
0x02d9_2212,1
0x1bee_2221,0
0x6666_11,0
0x039a_2221,1
0x19ef_2221,0
0x87b8_1222,1
0x18af_2221,1
0xbdff_2221,0
0xbdff_2212,1
0x88eb_3232,2
0x16bc_2221,1
0x16bc_1222,1
0x86a1_1222,0
0x86a1_2122,1
0x06f3_2221,2
0xa99a_1423,1
0xa99a_1332,0
0xa99a_2222,0
0x9be6_2123,1
0x9be6_2212,1
0xe88b_3232,1
0xa9fc_2212,1
0xa9fc_2122,1
0xbcd9_2321,1
0xbcd9_2122,0
0x87e2_2342,3
0x87e2_2233,2
0x87e2_2122,2
0x3ee9_3313,2
0xaefd_2221,0
0x8284_3312,1
0x8284_3213,2
0xeff8_2221,1
0xeff8_2212,1
0x800e_2221,0
0xacdd_2212,1
0x29dc_2122,1
0x0bf8_2332,1
0x09b8_2221,1
0x09b8_2212,2
0x1796_2122,2
0x1ad9_2212,2
0x0891_1221,0
0xa996_1222,0
0x5555_0,0
0x87a9_3412,2
0x87a9_1222,1
0xaadb_1222,0
0xaadb_2212,1
0x98ea_3231,2
0x86ef_2342,2
0x866b_1222,2
0x866b_2122,1
0x866b_2212,1
0x866b_2221,1
0x86a7_2212,1
0xaaa9_2234,1
0xa8dc_2221,0
0x88a6_1333,1
0x03d4_2122,2
0x03d4_2221,0
0x87b7_2243,2
0x18aa_2212,2
0x8abc_1222,0
0x868f_1222,2
0x18bd_1121,1
0x18bd_2222,0
0x028a_4322,1
0x2895_2221,0
0x824b_3313,1
0x08e0_2212,1
0x86f2_3132,3
0x86f2_2221,1
0x86f2_1222,2
0x19fb_3331,1
0x19fb_2212,1
0x09b2_2321,1
0x09b2_2221,1
0x09b2_2122,0
0x811b_2342,1
0x1ae3_1222,1
0x02ad_2122,1
0x02ad_2221,0
0x2cc2_2221,0
0x2cc2_2212,0
0x8299_2133,1
0x8299_1222,0
0x03c1_3123,1
0x9996_1321,1
0x9996_1333,0
0x9996_2222,0
0x09bb_2122,2
0x89ae_2122,1
0xa8df_2212,0
0x2cd9_2312,2
0x2cd9_3212,2
0x2cd9_1222,2
0x28dd_2233,1
0x09ac_2222,0
0x98e3_2221,0
0xaeef_1222,1
0xbcc8_3221,1
0x829a_3212,2
0xa9dd_2212,0
0x06f0_1222,2
0x0294_1333,1
0x0294_2221,0
0x1893_2221,0
0x1893_1222,2
0x1893_2122,0
0x18a6_2221,0
0x1be2_3132,2
0x02cd_2221,0
0x02dc_1222,2
0x07ae_1222,2
0x02dc_2212,2
0x1bf1_2313,4
0x09a0_1212,1
0xbffd_2122,1
0x1818_111,0
0x2dd1_2234,1
0x2dd1_2243,1
0x98a4_1233,0
0x8118_1231,0
0x8118_1312,1
0x19b6_3231,2
0x08b9_2212,1
0xe9ef_1222,1
0xaaeb_2122,1
0xaaeb_1222,0
0x08b0_2313,3
0x08b0_2221,1
0x0ef8_1222,1
0x08ab_2321,1
0x08ab_3122,2
0x8ee1_1222,1
0x8ee1_2212,1
0x8ee1_2221,1
0x83ce_2313,2
0x039a_1222,2
0x83ce_2221,1
0x9af9_1222,0
0x87e1_2232,0
0x87e1_3313,0
0x87e1_1222,1
0x87e1_2223,1
0x87e1_3222,1
0x03ed_3224,3
0x03ed_2221,2
0x03ed_2212,2
0x99a5_2322,0
0x99a5_2232,0
0x99a5_3222,0
0x89ea_3232,1
0x00ac_2221,0
0x2eed_1222,1
0x2eed_2212,0
0x2eed_2222,0
0x86b0_3313,0
0x86f8_1222,1
0x29bf_3232,1
0x29bf_2212,1
0x07a1_2212,0
0x07a1_2221,2
0x0197_4132,4
0x0197_1233,3
0x0bfd_1222,1
0x828d_2122,1
0x03be_3321,3
0x03be_2122,3
0x03be_2212,3
0x2e2e_111,0
0x2e2e_222,1
0x0298_1222,0
0x0298_2221,0
0x8001_1222,0
0x8ae6_3133,3
0x89ad_2122,0
0x2bc0_3223,1
0x8aab_3241,2
0x09f6_2321,0
0x29df_2221,0
0x29df_2212,1
0x2bde_3231,1
0xa8c7_2221,0
0x0356_3133,3
0x1ab5_2133,1
0x0356_1222,1
0x19b6_2331,2
0x02e9_2221,0
0x0ad8_2324,2
0x06a0_1221,1
0x89a1_2221,1
0x9bb6_2321,2
0x1efa_2122,2
0x08e3_2221,0
0x9e9e_212,0
0x99a5_2111,0
0x9e9e_122,0
0x1ab6_3133,2
0x08e6_2321,0
0x025b_2212,2
0x08e6_1222,2
0xa894_3232,2
0x03aa_2342,2
0x28ed_1222,1
0x82a9_2122,0
0x86bc_1332,2
0x86bc_1222,1
0xeaad_3212,2
0x0ad4_2212,2
0x024a_2212,1
0x822e_2331,2
0x9aa0_1222,0
0x01bf_2221,1
0x0ae8_2212,2
0xaaeb_2212,1
0xe8e8_222,0
0x0ae8_2221,1
0xadef_1222,1
0x0298_2122,1
0xadef_2212,0
0x9be3_2212,0
0x08f1_1222,1
0x06e7_3422,2
0xeaae_2221,1
0x28c0_2122,0
0x2bdd_2221,0
0x0993_2212,1
0x818e_2222,0
0x01e9_1333,4
0xeee2_2233,1
0xbcce_2212,1
0x1ab6_2221,1
0x099a_2212,1
0x03a9_2221,1
0xeef3_2221,0
0x8afb_2221,0
0x9bb6_2212,1
0x006f_1222,2
0x17be_2342,1
0x168a_2221,2
0x9abb_2212,1
0x168a_2212,0
0x06f9_2221,0
0x299d_2221,1
0x177e_2222,0
0x08a7_2221,0
0x026e_2221,1
0xa9e8_4223,3
0x8380_2122,0
0x2998_2221,2
0x039c_1222,1
0x96e8_2221,0
0x836e_2321,2
0x812c_4123,1
0x8ff1_2212,1
0x2dde_2243,1
0x0886_3312,1
0xa89d_2122,1
0x8686_122,0
0x9efb_1332,1
0x8686_212,0
0x98fe_4232,2
0x0280_2122,1
0x8181_112,0
0x02cb_2221,0
0x9ff6_1231,2
0x02cb_2212,1
0x89e6_2221,1
0x09ff_2221,0
0x06e8_2221,0
0x96bd_2221,0
0x1aa7_2221,1
0x011a_2212,1
0x1bb4_2221,2
0xe9ad_2221,0
0x2aad_3212,2
0x2828_111,0
0x8284_3122,0
0x9f9f_211,0
0x86ba_4322,3
0x806e_3221,0
0x068e_2323,2
0xaef7_2221,0
0x0792_2221,2
0x8259_1332,0
0x9bb6_3322,1
0x8259_2212,1
0x9bfd_1231,1
0x0be9_1222,1
0x1ae3_2132,2
0x0be9_2122,2
0x0180_3132,3
0x0ef2_2342,2
0x99bd_1222,0
0x8aae_2212,0
0x81aa_2212,1
0x07ef_3133,4
0x0ad2_2221,1
0x07ef_2221,1
0xaacf_2332,0
0x8890_1222,0
0xebbd_2314,1
0xaafd_3321,1
0x0ab2_2212,2
0x002d_2211,0
0x2bd8_2331,4
0x2bd8_2122,3
0x99a9_1233,0
0x1ae6_2413,4
0x036a_2222,0
0x0663_2212,1
0x19ab_2122,2
0x29cd_2212,1
0x0096_2221,0
0x0096_1233,2
0x8385_2221,1
0x29a8_2122,2
0x827d_3331,0
0x08e3_2122,2
0x827d_2213,2
0x827d_2321,0
0xabd5_2221,0
0x827d_2122,2
0x87f9_1222,1
0x29fd_4321,0
0xeffb_2221,1
0x87e7_2233,0
0x825a_1222,0
0x19f2_2212,2
0x289a_2221,0
0xeaad_1222,0
0x01bc_2221,0
0x2bc5_3223,2
0x02ec_2221,0
0x1eff_2212,1
0x2bc6_1222,1
0x0b0b_221,0
0x899b_3313,0
0x29ab_2212,1
0x012f_2212,1
0xaade_1222,0
0x68ab_4322,4
0x97ad_1323,0
0x3ceb_2221,0
0x0ac1_4231,2
0xebd7_2122,0
0x2ace_2122,2
0x87a3_2212,1
0x01a8_1222,1
0x87a3_2122,1
0x969f_2321,1
0x026e_2212,1
0x2df6_2122,1
0x1abc_1233,4
0xebd8_2222,0
0x9bbf_2122,1
0x837f_3331,1
0x2cfe_2221,0
0x9be0_2313,3
0x97ea_2122,1
0x025e_2212,2
0x1ac1_3312,1
0x978f_2122,2
0x08ea_2212,2
0x1ac1_1233,3
0x07e3_2221,2
0x29c7_2341,3
0xe8eb_2323,2
0x8be2_1112,1
0x07b5_1222,2
0x07b5_2231,3
0x07b5_2212,2
0x9ae7_2122,1
0x02dc_2221,0
0x9aa3_3223,3
0x06be_3312,2
0x87be_3213,1
0x0ee3_2212,1
0x83c1_2331,1
0x1bd2_2212,3
0x9ae7_2221,0
0x1af5_3231,1
0x9ae7_2212,1
0x8afb_3133,3
0x98b0_3231,3
0x0abd_1222,2
0x2bc5_2212,0
0x028c_2122,1
0x1acb_2122,2
0x86fb_3313,3
0x011f_1222,1
0xaceb_2323,1
0xaceb_2221,0
0x9897_1342,3
0x07ea_1222,2
0xa99c_2212,1
0x8188_1122,0
0xadd3_1233,1
0x8aa1_2122,1
0xacd4_1222,2
0x028c_2221,1
0x8aa1_2212,1
0x86e3_2221,1
0x1aa7_3312,4
0x8398_2212,0
0x023e_2122,2
0x87b4_3313,0
0x023e_2212,2
0x98b3_1222,1
0x2ffd_2212,1
0x98b3_2122,1
0x01ea_2212,2
0x29cb_2321,2
0x29cb_3221,1
0x29cb_2122,1
0x16a8_2212,2
0x69ee_2122,0
0x1aa2_2221,2
0x8117_2233,1
0x08f1_2221,0
0x0ad1_2122,1
0x2ce9_2122,1
0x023d_1222,1
0x2cf7_2212,2
0x87f6_1222,0
0x87f6_2122,0
0x0ad8_3322,1
0x1aa2_2212,2
0xead9_3232,1
0x827e_2234,4
0x827e_2212,3
0x6969_212,0
0x82ff_2221,0
0x011a_2221,1
0xa8fd_2342,1
0x88b8_2233,0
0x6bbf_2122,1
0x019e_1222,1
0x06bd_2323,3
0x06bd_1323,3
0x06bd_3312,3
0x06bd_3133,3
0x0909_211,0
0x06bd_2221,1
0x0198_1231,1
0xabda_1222,0
0x0198_2122,1
0x0198_1222,1
0x03c6_2221,2
0x816a_2122,1
0x0382_2212,1
0x18f6_2324,3
0x025e_2122,2
0x819a_2212,0
0x2ada_3221,1
0x0286_1222,1
0xbcce_2221,1
0x826f_2324,3
0x8aec_2332,1
0xebee_1122,0
0xacc9_2324,4
0x0ab8_2122,2
0x2aa8_2122,2
0x19ad_2122,1
0x02ad_1222,1
0x19ad_2212,0
0x2cd5_2313,4
0x19ad_1222,1
0x82cc_2122,0
0x0792_3313,1
0x9891_1222,0
0xfeef_2212,0
0xbeea_2313,2
0x0693_2331,4
0x0693_2212,1
0xa9eb_2122,1
0x02bc_2212,2
0x02bc_2122,2
0x88e2_2233,1
0x02bc_1222,1
0x288b_3123,2
0x801f_1222,1
0x17e8_2222,0
0x0889_1222,1
0x1896_2221,1
0x28c6_2122,0
0x1afb_2212,2
0x98a1_1222,0
0x07e0_1222,2
0x08ba_2212,2
0x8890_2122,0
0x08ba_2122,2
0x802c_2312,1
0x02df_3321,2
0x0116_1222,1
0x1bd8_1111,0
0xa9be_1233,2
0x8169_1233,1
0x89e6_1222,2
0x2ace_2221,2
0x2ace_1222,0
0x8997_1222,1
0x8086_3213,2
0x003e_3321,1
0x6ef2_1222,0
0x9ee9_1222,0
0x9aa6_2122,1
0xa8ce_2432,2
0x9aa6_2222,0
0x19f2_1222,2
0xe8be_3133,3
0x83d6_2313,4
0x028f_2122,2
0x19a8_2212,2
0x8bb8_4223,2
0x1ad3_2122,0
0x19a8_2122,2
0x8be8_3242,3
0x0ae7_2212,1
0x0660_1111,0
0x0ae7_1222,2
0xbde9_2331,2
0x06ac_2221,2
0x16ef_3331,2
0x98b3_2221,1
0xe887_2212,0
0x86fb_2221,0
0x86fb_2122,1
0x0992_1323,1
0x038e_2122,2
0x2df6_1222,1
0x0bbc_2221,1
0x0168_1222,1
0x28c9_2122,0
0xbcef_2122,1
0x8ae3_3322,1
0x82c6_2122,0
0x18a9_1222,0
0x99b7_1233,1
0x027f_2221,1
0x83cd_2221,1
0x06af_2342,3
0x019b_2122,1
0x1bf3_1233,4
0x800b_3412,3
0x800b_3313,1
0x1be1_2234,2
0x1bd2_2233,2
0x28d7_1212,1
0x819f_1222,2
0x013e_2212,2
0x8991_2321,2
0x9ab4_1222,0
0x809b_3212,2
0x9ab4_2221,1
0x688a_2221,1
0x6ff8_3231,3
0x9ab1_1222,1
0x0180_1222,1
0x3dec_2221,2
0x9897_4322,1
0x1bd2_2122,0
0x2bc5_2122,2
0x82af_3322,1
0x699a_2323,0
0x699a_2122,2
0x2cd6_2212,1
0x9bfb_2221,0
0x9ab7_1323,2
0x03ed_4223,3
0x0387_1222,1
0x2ee2_1111,0
0x8aa4_2221,1
0x8aa4_2212,1
0x29cb_2212,1
0x0280_2221,1
0x068e_4223,2
0x2bca_2122,3
0x2bca_1222,0
0xa894_4322,3
0x08f1_4132,4
0x82be_1211,1
0x1bd1_2212,2
0x2ff4_2221,1
0x82be_2222,0
0x8afd_2212,2
0x82ac_2212,0
0x82ac_2122,1
0xacc5_1112,1
0x09b7_3224,3
0x2df6_2331,2
0x86b6_2332,0
0x09b7_3312,2
0xeffe_1222,0
0x0bdf_2221,1
0x9fff_2321,0
0x2cef_3232,2
0x9bfe_1231,1
0x9bfe_2122,1
0x9bef_2221,1
0x3eef_2221,0
0x9bef_1222,1
0x82de_2212,2
0xaff4_2313,2
0x0783_2221,2
0x2cf1_2122,1
0x06ff_3133,6
0x9ff6_1321,1
0x9ff6_2221,1
0x036c_1222,2
0x9ff6_2212,1
0x3dd6_2212,0
0x06be_3133,4
0x8ab5_1222,1
0x0028_2112,0
0x19ab_2221,1
0x98b5_2132,2
0x0101_221,0
0x8bbd_3224,1
0x8259_3231,0
0x9bdf_1222,1
0x8be7_2233,0
0xaef1_2122,0
0x878e_2243,3
0xa9ed_1222,0
0x19b3_2331,3
0x0285_2221,0
0x03c6_1222,2
0x18e1_2212,0
0x18e1_2122,1
0x18e1_2221,0
0x18e1_1222,1
0x2cf1_2221,0
0x2882_1122,0
0x9ac3_2432,2
0x03c9_2212,1
0xeee8_2234,1
0x9ac3_2122,1
0xbde8_2222,0
0x17ee_2221,0
0x07fe_2221,0
0x9bd9_1222,0
0x1ab5_3142,2
0x1ab5_3232,0
0x83d5_2221,1
0x067b_2221,1
0x28db_2122,1
0x8eff_2221,0
0x19b5_3122,2
0x82d7_2332,0
0x19b5_2221,1
0xeaae_2212,1
0xa9ca_2221,1
0x6aa9_1222,0
0x0096_3211,0
0x0691_3213,2
0x025b_2221,0
0x0be0_2221,1
0x06b1_2212,1
0x025b_2122,1
0x89a2_2122,1
0x037d_2312,3
0x037d_2122,2
0x0bda_2212,1
0x2ee4_2212,2
0x08a7_3123,3
0x8698_1233,0
0x0aeb_2423,3
0x0aeb_2212,1
0x6eef_1222,1
0x0ad7_2212,1
0x3cc5_2234,1
0x3cc5_1332,0
0x0ad7_2324,3
0xaadb_2132,3
0x2b2b_111,0
0x96ff_1232,1
0xebd7_1132,1
0xebd7_1123,1
0x0886_2221,0
0x6880_1233,1
0xebd7_2222,0
0x2bdb_2221,1
0x2ffd_2221,1
0x037e_3223,2
0x86b5_3232,0
0x968b_2221,0
0x3ced_2212,0
0x0ac3_2212,0
0x82db_2332,1
0x02ae_2122,2
0x9880_1222,0
0x3dff_3321,1
0x1ac7_1232,3
0x2ce6_1222,2
0x822e_1222,1
0x2ce6_2122,2
0x29c8_2122,0
0x0adb_1222,1
0x811e_1222,1
0x17ac_3223,2
0x1ae0_2122,2
0x08b3_2221,0
0x2df3_2221,0
0x0791_3231,4
0x0791_3133,3
0x289f_2122,1
0xe8ac_3223,1
0x18a0_2221,0
0x2de8_2212,2
0x9786_3422,0
0x09e2_2221,1
0x09e2_2122,0
0x8ffb_2212,2
0x6efe_1222,1
0xacfa_2432,2
0xacfa_2323,1
0x06e7_3122,4
0x06e7_1222,2
0x0af9_1222,2
0x0399_1323,4
0x69be_2212,1
0xfee9_1222,0
0x3cdd_3322,1
0x829f_3122,2
0x06e2_2212,1
0x9abe_2212,1
0x1b1b_111,0
0x1ff7_2221,1
0xa8d9_2122,1
0x98ae_2221,1
0x8692_3312,0
0x2cfd_2221,0
0x8692_2221,1
0x06a4_3213,1
0x07e0_2122,2
0x039c_2221,0
0x83c2_2122,0
0x83c2_2212,0
0x1be8_2243,3
0x1be8_2122,3
0x0ff2_3312,1
0x036f_3223,2
0xbcdc_2221,1
0x3cc2_3124,2
0x2ee4_2231,3
0xe9ef_2212,0
0x19f7_2221,0
0x824e_2222,0
0xbcdf_2122,0
0x6aa9_2122,1
0x87b5_1233,2
0x835b_1232,3
0x835b_1233,2
0x9ee3_3123,1
0xe88e_2222,0
0x835b_2122,1
0x2bc6_2122,2
0xacc5_3322,1
0x6ad8_2221,1
0x1be1_2122,2
0x03bd_2221,2
0x08a4_1333,1
0x68ef_2221,1
0x08a4_2221,0
0x8afd_1222,1
0x88b2_2221,0
0x19e9_2212,1
0x07e3_2122,1
0x1ab3_2212,1
0x0bb5_2221,1
0x019e_3213,2
0x0ab8_2221,1
0x019e_3331,0
0xbffd_1222,0
0x019e_3132,3
0xa9ee_2323,0
0x01ad_2122,1
0x01ad_1222,1
0x01ad_2212,1
0xbdde_2113,1
0x16ea_1222,1
0x8bb4_1222,1
0x0202_221,0
0x9aaf_1222,0
0x1bfa_4322,2
0x19a8_1222,0
0x9efb_2221,1
0x9efb_2212,0
0x9efb_2122,1
0x01ae_2221,0
0x2cc4_1222,2
0x6aeb_2212,1
0x188b_3231,2
0x299e_2212,1
0x98e6_2212,1
0x98e6_2221,1
0x17ff_2221,1
0x2de4_2243,3
0x099a_2221,1
0x8255_1222,0
0x98e9_2221,1
0x6bfe_2313,3
0x98e9_1222,1
0xbeed_2212,0
0x026b_2432,2
0x06b2_2221,1
0x06b2_2122,0
0x811b_3313,1
0x83df_3321,0
0x0ade_1222,2
0x0ff9_2221,1
0x833d_2212,2
0x833d_2122,2
0x88e8_2233,0
0x19ad_2221,0
0x06a9_2221,0
0x07fb_1222,1
0x1aef_2122,1
0x9ab2_3223,1
0x01ea_2122,2
0x8247_1222,1
0x889a_1222,0
0x1111_11,0
0x28ff_2221,0
0x09af_2332,2
0x1be4_3331,1
0x1be4_2222,0
0x6bdf_1333,1
0x6bdf_2122,0
0xeafd_1222,0
0x0ae2_2122,2
0x3cee_3322,1
0x2eff_2221,1
0x0678_1222,2
0x818b_2212,0
0xacca_2222,0
0x06a3_2222,0
0xfeef_2221,0
0x2ff1_2212,1
0x06a3_2221,1
0xa995_2223,1
0xaaca_2243,0
0xa995_3222,0
0xa995_3123,2
0x6add_2122,0
0x0be0_2122,2
0x19fb_2331,2
0x9bef_2122,1
0xa995_1333,0
0x28aa_1222,0
0xabec_3313,4
0x299e_2221,1
0x07e0_2221,1
0x9891_3221,2
0x07e0_2212,1
0x3dd6_2122,0
0x3cdb_2221,0
0x6aed_1222,0
0x1bf3_2122,0
0x01bc_1222,2
0x9aa9_1222,0
0x1ff2_1233,4
0x1ff2_2221,1
0x07e3_2212,2
0x29ae_3213,2
0x89bf_2221,0
0x001e_2212,1
0x9bd9_2212,1
0x06be_2323,2
0xa9ff_1221,0
0x819f_4322,1
0x6bef_1222,0
0x0ade_2212,2
0x6898_3133,2
0x83cd_2212,1
0x8be4_4231,4
0x6898_1222,0
0x6889_1222,0
0x078a_2122,2
0xebeb_121,0
0x03bd_4223,3
0xebeb_222,0
0x96be_2231,1
0x96be_3223,1
0x96be_3133,1
0x96be_3313,1
0x2bcf_2212,0
0x6bfe_3321,1
0x837f_2122,2
0x0082_2212,0
0x837f_2212,2
0x86bc_3331,2
0x89bc_1222,1
0x1af8_1222,2
0x9699_1233,0
0xaddf_3312,1
0x9696_313,0
0x69eb_2231,2
0x69eb_2212,0
0x69eb_2122,0
0x9ee6_2212,1
0x9bb6_2123,1
0x6acf_1222,0
0x2cdc_4322,3
0x2cdc_3422,3
0x87ac_2212,0
0x1aab_2212,1
0x8ae3_2332,0
0x7eff_2221,0
0x98ab_3242,3
0x87ac_1232,3
0x88f9_3133,4
0x1bbe_2222,0
0x88f9_1222,2
0x2abc_1222,1
0x0be6_2212,2
0x8af2_3231,3
0xbdbd_121,1
0x9bd0_1222,1
0x07ae_2221,2
0x82ca_2221,0
0x0286_3212,1
0x2ce0_3232,1
0xefef_221,0
0x03d8_2221,0
0x06eb_2221,1
0x88e7_1222,2
0x29c4_2212,1
0x009f_2221,0
0x2ee1_1222,2
0x82eb_2122,1
0x03c9_2341,5
0x82eb_2222,0
0x02a8_2221,0
0x8288_1122,0
0xeef6_1222,1
0x8aa2_2212,1
0x0286_2122,1
0x038b_3223,1
0x038d_2221,2
0x86ad_2212,0
0x038d_1222,1
0x03de_2212,2
0x09ee_2122,2
0x2222_11,0
0x169b_3331,4
0x169b_1222,2
0xeeeb_2122,0
0x0ad1_2221,0
0x83fe_2213,3
0x83fe_2221,0
0x0183_2212,0
0x0183_2122,0
0x178b_2221,3
0x16ea_2213,3
0x6abd_2212,1
0xaff6_1212,1
0x069a_4123,4
0x069a_2221,1
0x6ff9_2211,0
0x9afa_1222,0
0x9afa_2221,1
0x69ff_2121,0
0x69ff_2211,0
0x813c_2123,0
0x69ff_1222,1
0x83c8_2122,0
0x06aa_2122,2
0x0bb0_2211,0
0x6ee6_1222,1
0x87b2_1333,3
0xbfbf_212,0
0x29bc_2221,1
0x87b2_2221,2
0x2884_3313,1
0x2884_3331,1
0x178e_1111,0
0x8aa1_2221,1
0x819a_2321,0
0x87e2_2212,2
0x2cfd_1333,3
0x1ae0_3321,0
0x2bca_3223,2
0x8680_3132,1
0x83fd_3123,3
0x8680_1222,0
0x026d_1222,2
0x99a5_2222,0
0x9aeb_2212,0
0x011f_2212,1
0x012c_2122,1
0x026d_2221,0
0x026d_2122,1
0x02c7_2212,1
0x0180_2221,1
0x0395_1432,4
0xa8da_2212,1
0xa9ee_1333,1
0x29c7_2212,0
0x0ff9_2212,1
0xa9ee_2212,0
0x07b0_2221,1
0xebde_1122,0
0xebde_3313,1
0xacde_3223,1
0xa886_2221,0
0xe8ee_2233,0
0x98f2_3221,0
0x09f0_2221,1
0x98f2_2133,4
0x02ce_3321,2
0x803d_1222,1
0x027f_2313,2
0x88be_4232,2
0x9bb0_1222,1
0x2ef3_2221,0
0x2ff1_2221,1
0xebed_2122,0
0x2aad_3221,2
0xa9ca_3232,2
0x0aeb_4322,3
0xeafe_1222,0
0xa9ca_2233,0
0x8af4_2221,0
0x02fd_3232,1
0x012f_2122,1
0x869b_3312,1
0x8ac2_3412,4
0x0791_2212,1
0x8ac2_2221,1
0x3def_2212,0
0x8aef_2332,1
0x3def_2221,0
0x99e2_1222,1
0x8ad3_2221,1
0x0be3_2212,2
0xace1_1222,2
0x2cc1_2212,0
0x09b4_4231,2
0x999f_1222,0
0x999f_2212,0
0x06fa_2324,2
0x2ef9_2221,0
0x02a8_1231,1
0x8be2_1211,1
0x819f_2221,1
0x813c_1222,1
0x07ad_2221,1
0xbdee_2212,0
0xbdee_2221,0
0x07b0_1222,2
0x99b4_3322,1
0x8aef_2221,0
0x2cef_4322,3
0x0bec_2221,1
0x0bec_2122,2
0x6ff6_1111,0
0x99a0_1222,0
0x888e_2234,1
0x0e0e_221,0
0x009f_1222,1
0xbefc_2212,1
0xbefc_2122,1
0x83fd_2221,0
0x026b_2342,2
0xebdb_1212,0
0xace4_1222,2
0x0898_4132,4
0x9999_12,0
0xebe8_2323,2
0x02ef_2212,1
0xa885_1332,0
0x82c2_2313,1
0x09e8_3224,2
0x96be_2321,1
0x2cce_3212,1
0xa885_3322,0
0x3d3d_221,1
0x8282_222,0
0x8282_121,0
0x8bd1_2322,0
0x8bd1_3212,2
0x01a8_2221,1
0x8bd1_2223,1
0x2bfc_2221,0
0x8bd1_3222,0
0x09e2_2321,0
0x0bf7_2221,0
0x8bd1_2222,0
0x0adb_2212,1
0x97ae_1423,3
0x97ae_3331,4
0x97ae_2321,2
0x97ae_1332,2
0x09f0_2212,1
0x018a_1222,1
0xbddf_2143,2
0xa9d4_2122,1
0x0ac9_3322,0
0x822c_2331,0
0x0aca_2323,1
0x0aac_2221,1
0x29ef_2212,1
0x2acb_2122,1
0x6ac9_3221,3
0x6ac9_2212,2
0x83ae_3123,4
0x829f_3213,2
0x83ea_2321,0
0x1bfc_2221,0
0xa89b_3232,2
0x6efe_2122,1
0x02ea_2122,2
0x8efa_2212,0
0x2f2f_221,0
0x1ef9_3312,0
0x09b2_3213,3
0x07a2_2212,1
0x19a7_2212,1
0x19a7_1222,2
0x8bfa_2122,1
0x179a_3122,2
0x179a_1222,3
0x8029_2122,0
0xbdff_2122,1
0x2899_1222,0
0xa99f_2243,1
0x016e_1222,2
0xa99f_1333,1
0x018f_1222,2
0x02c1_2221,0
0x9bb6_1332,2
0xe88e_2233,0
0x802c_3231,0
0x89b5_3312,2
0x968b_2413,3
0x89b5_2122,1
0x007e_2122,2
0x02fd_3322,1
0x8357_2122,1
0x8af2_2212,1
0x89b5_1222,1
0x027c_2122,2
0x9aeb_2221,0
0x027c_1222,2
0x1beb_2221,1
0x8bd1_2232,1
0x02ea_2212,2
0x6ff9_1221,1
0x2ccd_3422,3
0x867f_3133,3
0xa9eb_2221,0
0x036c_2221,0
0x8385_1222,1
0x07ef_2212,1
0x2acb_2213,1
0x96ff_3211,0
0x8bdb_3224,1
0x2acb_2221,1
0x6bd6_1333,2
0x8ad9_2122,2
0x06ff_2221,0
0x0791_1222,0
0x06ff_1222,3
0xeada_2331,3
0x96ac_2221,0
0x89e3_3221,0
0x09f9_2111,0
0x813c_3313,0
0x029e_3313,3
0x1bd1_2221,2
0x2896_2122,1
0x029e_3214,3
0xbfbf_221,0
0x02da_2122,2
0x099f_3242,3
0x02da_2212,2
0x07b0_2212,1
0x83ae_3132,3
0x03d8_2212,2
0xbebe_111,0
0x0abe_2212,1
0xe9fe_2122,0
0x0ae1_2221,0
0x19a4_2122,2
0x02c8_2221,1
0x98f8_1222,1
0x0996_1222,1
0x0009_2212,0
0x8ff2_3123,3
0x03a9_2222,0
0xacd1_2123,2
0x8abf_3122,3
0x9682_1333,0
0xacd1_2221,1
0x2998_2212,2
0x025b_1222,2
0xacd2_3133,2
0x9efe_1222,1
0x0198_1321,2
0xacd2_1222,1
0x8397_3123,1
0x16ae_3212,2
0x83ab_2122,1
0x16ae_1222,3
0x16ae_2221,2
0xacac_222,0
0x89fb_2321,0
0x28de_2221,1
0x28de_2212,2
0x2cc1_1222,1
0x19b5_2122,1
0x2cc1_2221,0
0x2cc1_2122,0
0x88eb_2243,3
0xbffe_1222,0
0x88a5_1222,0
0x816f_2323,2
0x2ff8_2221,1
0x96af_3232,0
0x29c4_1222,1
0x96af_1333,1
0x08e0_2221,1
0x29ea_2122,2
0x69aa_2212,1
0x869b_2123,2
0x96af_2122,1
0x28d7_1122,1
0x838c_2122,0
0x9682_3122,0
0x9682_2313,0
0x6969_211,1
0x9aa6_1333,0
0x9aee_1332,1
0xacd4_2423,3
0xacd4_2231,2
0xeffb_2122,0
0x2cf2_2331,2
0x09a5_2212,0
0x03db_2212,1
0x1ff8_2221,1
0x08a1_2221,0
0x1ef9_3331,2
0x199e_1222,1
0x18ac_3223,0
0x0bda_2221,1
0x98ab_4232,3
0x19a7_2221,2
0x9be3_2123,1
0x00e8_2221,0
0x9be3_3133,1
0x9892_2221,0
0x28ee_2233,2
0x02d9_2122,1
0x0eef_3422,2
0x03db_2122,1
0x8083_2122,1
0x06a3_4123,3
0x02ec_2212,2
0x8083_2212,0
0x82db_2234,3
0x99e2_2323,0
0x8692_3313,0
0x8ab0_2122,1
0x036c_2212,2
0xbded_2112,0
0x8029_2212,0
0x1ae9_2212,1
0x0bd9_3133,4
0x1acb_1222,1
0x0698_4132,3
0x1acb_3331,4
0x1bff_2221,1
0xebbe_3123,1
0x2ce5_1222,2
0x2ce5_2212,2
0xabcd_4232,1
0x8bb2_4223,2
0x8284_1122,0
0x8bb2_3232,2
0x07a4_2212,0
0x07a4_1222,2
0x7eff_2122,1
0x8269_1332,0
0x2d2d_221,0
0x98f2_1233,3
0xbbbb_11,0
0x6a6a_111,0
0x8991_3241,3
0x979e_3133,1
0x6ee9_1222,0
0xace8_2323,1
0x8991_1222,0
0x833e_2212,2
0x28db_2323,3
0x833e_2122,2
0x0240_2122,1
0x18be_2233,2
0x0240_1222,1
0x96aa_1322,0
0xeafd_2221,0
0x96aa_1211,1
0x86e3_2212,2
0x879a_3212,0
0x96aa_1121,1
0x96aa_2222,0
0x002c_3312,2
0x2d2d_111,0
0x6996_1222,1
0xa9d7_2122,1
0x6996_2222,0
0x2cd5_3213,2
0xebed_1122,0
0x0be3_2122,2
0xa9af_1222,0
0xa9af_2122,1
0x18b2_2222,0
0x09b4_1222,1
0xa9af_2221,0
0x9783_3123,2
0x9783_2313,1
0x99f9_2221,0
0xbcdf_2212,0
0x68bf_2221,0
0x68bf_2212,1
0x8187_2233,0
0x008e_2221,0
0x68bf_2122,1
0x699a_2332,0
0xe896_2122,1
0xacde_3313,2
0x19ba_2221,2
0x83ea_2122,2
0x01fe_4322,2
0x98a2_1222,0
0x98a2_2221,1
0x80ae_2212,1
0x97ad_2122,1
0x03ca_3224,2
0x03ca_4223,2
0x9af0_1222,1
0x03ca_2212,1
0x9acf_2222,0
0xbcc4_2212,1
0xeeee_11,0
0x0aac_2432,2
0x0249_1222,0
0x03de_2231,3
0x0bea_3322,1
0x0be0_2212,1
0x03de_3223,2
0x81a9_1222,0
0x0aa6_2212,1
0x1afd_2212,2
0x0ab2_2122,1
0x0aac_2212,1
0x18b4_2221,0
0x9ad1_3224,2
0x9ad1_3322,1
0xe99b_2221,1
0xe99b_2212,1
0x28c6_2221,0
0xa9fc_2222,0
0x1ad3_2221,1
0x8181_211,0
0x1ad3_1222,2
0x1ad3_2212,2
0xe9ae_1222,0
0x6abe_1222,0
0x9ad1_2122,1
0x8bd1_2312,3
0x0682_3212,0
0x2dfa_2221,0
0x2de8_2243,2
0x1997_3412,4
0x29c4_2122,0
0x1997_1233,1
0xebeb_112,0
0x9990_1222,0
0x2cea_2341,3
0x2cea_3232,2
0x2cea_1222,0
0x289a_1222,0
0xabd9_1222,0
0x9ae4_2122,1
0xadfe_3221,0
0x0101_212,0
0x01bf_2212,1
0x98e6_1222,2
0x9aca_4223,3
0x9aca_3224,2
0x81bd_1211,1
0x1788_1222,2
0x0ad7_2423,3
0x81bd_2112,1
0x81bd_3223,1
0xa8fe_2432,1
0x81bd_1121,1
0x89b3_2221,1
0xbeff_1222,0
0x82db_2323,1
0x81bd_3322,1
0x28d7_2221,0
0x81bd_2233,2
0x867a_1222,2
0x88e7_3122,1
0x199b_3331,1
0x867a_2122,1
0xeace_2221,1
0xa9be_3123,2
0x1ee8_3241,5
0xeace_2212,1
0x87b4_1121,1
0x87b4_2222,0
0x0692_4312,2
0x1bf6_3331,1
0x0692_3132,1
0xabd5_2122,1
0x1afe_2331,1
0x816a_2212,1
0x1e1e_221,0
0x09e8_2423,2
0x19b5_1222,1
0x0189_2122,1
0x8bed_1333,2
0x0259_4321,2
0x82db_2122,1
0x83df_1222,1
0x869b_2221,1
0x0abd_2212,2
0x0be9_2212,1
0x0abd_2323,2
0x3cc9_3123,1
0x29ce_2221,1
0x07a8_1222,1
0x29ce_2212,1
0x9797_321,1
0x827e_2423,3
0x2de2_2233,1
0x28ca_2221,0
0x2de2_1222,2
0x98b9_3231,0
0xadf1_2122,1
0x089b_4132,3
0x166e_2212,1
0x09eb_2122,2
0x2ada_1222,0
0x166e_1222,2
0x0786_1222,3
0x6fff_2221,0
0x836e_2212,1
0x19f8_1222,2
0x166e_2221,1
0x2bd7_2221,0
0xa9d7_2221,0
0x82de_3212,2
0x0129_2212,1
0x2bc6_2212,1
0x0bb9_3312,3
0x82de_1333,3
0x802c_2122,0
0x2dd8_2212,2
0x0384_2112,1
0x0129_3133,1
0x82de_2221,1
0x9bfb_1222,1
0x8bf6_2132,1
0x8ae9_1222,0
0x0783_1222,2
0x9999_21,0
0x09f6_1222,2
0x18be_2432,2
0x9aa6_1232,1
0x2de1_3313,1
0xa99a_2221,1
0x2de1_2222,0
0x03c9_1222,1
0x86ab_4322,3
0x86ab_2331,1
0x86ab_2122,1
0x6aaf_1222,0
0x02bf_3321,2
0x06ac_2222,0
0x02bf_2212,1
0x08b9_3122,3
0xbdbd_211,0
0x08a1_2212,0
0x9bea_2221,1
0x0eea_2221,2
0x06f9_1222,2
0x7ffe_1222,1
0xaabe_2113,2
0xaabe_1222,0
0x86e3_2332,0
0xaabe_2122,2
0xaac9_3232,1
0x28de_2234,3
0x0280_2212,1
0x0198_2221,0
0x1992_2212,2
0x1992_2221,2
0x969a_1323,0
0x29bf_2122,1
0x8680_3312,1
0x18a3_2221,0
0x29bf_3322,1
0x9bb9_3211,1
0x9bb9_2221,1
0x97e9_3133,1
0x18a3_2122,1
0x1782_3313,3
0x28a9_2122,1
0x18eb_2221,1
0x1796_1222,2
0x1bb5_2331,3
0x0082_2221,0
0x8af4_2212,1
0x29c1_1222,1
0x0aa9_2212,1
0x16ab_2122,1
0x8248_1122,0
0x83bf_3422,3
0xaccf_3223,2
0xacff_2221,0
0x06fb_3321,0
0x809e_1222,1
0x826f_1222,2
0x87bd_2243,2
0x02cb_2122,1
0x988f_1222,1
0x825c_2212,0
0x02bc_2221,0
0x9eea_1223,1
0x07b9_2321,1
0x825c_2122,1
0x82fc_3122,2
0x2ac7_3123,3
0x83d5_2122,1
0x69aa_1211,1
0x98e3_1222,1
0x87eb_3312,0
0x2ac7_2133,4
0x96ff_2221,0
0x09f6_2221,1
0x8bd8_1222,2
0x1be8_2234,3
0x0ee0_2211,0
0x09a4_1332,1
0x0381_2122,0
0x0018_2212,1
0x9ff6_1312,1
0x99f0_2222,0
0x29c7_1332,4
0x2bff_2221,1
0xbdee_1322,0
0x9ade_1222,0
0x2ddb_2212,0
0x28cf_4123,4
0x839e_1323,1
0x03be_2312,1
0x86a2_1222,0
0x86a2_2212,1
0x83d9_2321,0
0x83d9_3322,1
0x012f_1222,2
0x83d9_2212,1
0x0069_1232,2
0x00a9_1221,0
0x28a9_1222,0
0xadf4_1222,1
0x09b1_2212,1
0x0246_2122,2
0x88a3_3221,1
0x6bda_2212,0
0x6aee_2122,0
0x6bda_2122,1
0xa9eb_2212,1
0x6bda_2221,1
0x2ce9_1222,1
0x2acd_2221,1
0x079b_2122,1
0xaaed_2212,0
0x8248_2213,0
0x688a_2212,1
0x03ca_3242,2
0x2ac7_2212,1
0x19a7_2122,1
0x99eb_1222,0
0xa9bd_2312,3
0x28c5_1222,1
0xa8bf_2122,1
0x17ac_2221,3
0x978a_2231,2
0x18b4_2212,0
0x28c3_2122,0
0x822d_1222,0
0xacf9_2122,1
0x68ab_2122,1
0x178b_3223,1
0xacf9_2222,0
0x2dfc_3313,2
0x08ae_2332,1
0x029b_2212,0
0x029b_2122,1
0x8287_2233,0
0xaef7_1222,0
0x026b_2212,1
0x96a9_2221,0
0x2de4_4232,3
0xa9c3_1232,1
0x2881_2122,0
0x826c_3312,2
0x888b_2243,2
0x826c_1222,0
0x8241_3222,1
0x19b0_1222,1
0x98f8_3122,2
0xade6_1223,1
0x82d7_2212,1
0xade6_1332,1
0xade6_3331,2
0xbdd4_3223,1
0x98b0_2321,3
0x9aac_3232,3
0xabc2_4232,3
0x9699_2222,0
0x29ec_2212,1
0xbdd4_2122,1
0xabd6_2212,1
0xabda_2212,1
0x8992_2221,1
0x0ad1_1222,1
0xbdd4_2212,1
0x2cdf_2221,0
0xadfe_2212,0
0x1ac7_2321,2
0xbdd4_2222,0
0x09a0_1221,1
0x0297_2221,0
0xeffe_2211,0
0x012c_3331,1
0x07ef_1222,1
0x027c_2212,2
0x02c2_2212,1
0x827d_2222,0
0x9bda_2221,2
0x18b7_3231,2
0x6969_221,0
0x18b7_2212,2
0x29ae_2331,1
0x97ad_3313,1
0x978a_3312,1
0x9ff6_2311,0
0x19f1_2212,2
0x98a7_2212,1
0x0289_1222,0
0xa9c5_3223,1
0x0289_2122,1
0x2bd4_2212,2
0x1ff8_1222,2
0x8692_2133,0
0x022f_3322,1
0x99f0_2111,0
0x8199_1222,0
0xa9db_4223,2
0x166b_2122,1
0x89f1_2212,1
0x812b_2222,0
0x1adc_2221,2
0x9789_4322,2
0x6bd9_3231,3
0x3eff_3321,1
0x7eff_1222,1
0xa897_2122,1
0x02ce_4232,2
0xabfe_2221,0
0x0258_2211,1
0x83c4_2122,0
0x688f_1222,1
0x9adb_1222,0
0x9ee6_1223,1
0x0069_2211,0
0x1aa4_2221,0
0x97a8_2221,1
0x16e9_1222,1
0xbeff_2221,0
0xaaed_1222,0
0x0ff1_3231,2
0x2ff7_2212,1
0x079b_2221,1
0x9be5_1333,2
0x8098_3122,2
0xbcfe_2122,1
0x0bb5_2212,1
0x8ab6_3321,1
0x8799_1222,1
0x89a2_1222,0
0x2cd5_3133,4
0x82bd_2312,3
0x82e8_2243,1
0x877e_3231,2
0xeadf_2221,0
0x1af4_1222,2
0x82af_2323,2
0x0ff2_3231,2
0x29d5_3123,3
0x801a_1333,1
0x801a_2212,1
0x8697_3322,0
0x86a4_1222,0
0x3dfe_2122,2
0x1adc_1222,3
0x81ff_1232,3
0x6bec_2221,1
0x68ea_2212,1
0x189a_2212,2
0x6abd_1222,0
0xfefe_321,0
0x2cc8_2221,2
0x83ef_2221,0
0x28db_3214,5
0x036b_3132,3
0x1882_1221,0
0xaabd_1222,0
0xa8c1_4322,2
0x1aae_2212,1
0x09be_2122,2
0x006f_2221,0
0x002b_2221,1
0x96ff_3133,2
0x009a_1221,0
0x07ea_2212,1
0x09f3_3223,2
0x2ee7_2243,1
0x2ffb_2212,1
0x6afc_2222,0
0x0993_2221,1
0x18b7_2321,2
0x1abc_2212,2
0x1ab0_2331,3
0x9bfe_2221,1
0x08ab_2122,1
0x0268_2212,1
0x8afb_2212,1
0x9ae4_3421,4
0xbdfc_2112,0
0x2dd4_2212,2
0x999a_2243,2
0x0382_2122,1
0x07bf_2212,1
0x999a_2342,1
0x6969_122,0
0x8691_1233,0
0x99e7_1332,0
0x86a8_2122,1
0x1bd8_2222,0
0x86a8_2212,0
0x9af5_1332,0
0x2ce9_2341,4
0x2ddb_2221,0
0x0202_212,0
0x0892_2212,0
0xe887_1222,1
0x18ac_3322,1
0x83ea_2212,2
0x1ad0_2122,2
0x1997_2221,1
0x8896_1233,1
0x07fe_1222,1
0xebff_2122,0
0xbeeb_1122,0
0x83ae_2321,1
0xbcd6_2313,0
0x89bf_2122,1
0xbcd6_1222,1
0x86a4_2221,1
0x8ffe_2221,1
0x81aa_2122,1
0x1998_1222,0
0x69be_3133,2
0x69be_3313,2
0x288e_2323,1
0xaee5_1222,0
0x1be8_2323,2
0x8bf6_3321,0
0x98ae_2122,1
0x29cd_1222,2
0xaef2_2122,1
0x87a6_2212,1
0xa897_2212,2
0x09a1_3213,1
0x2de2_2212,2
0x86bf_2221,0
0x079e_2122,3
0x0687_2122,2
0x89a8_1222,0
0x066a_2212,1
0x1bfc_1222,2
0x2dd2_2212,0
0x06b8_2221,0
0x68ea_2122,1
0x0289_2221,0
0x2994_3133,1
0x1af8_2221,2
0x8281_1123,0
0x0017_2221,1
0x8afe_2221,0
0x1683_2212,0
0x9bfd_2121,0
0x86a8_1222,0
0x69be_2321,1
0x0678_2122,2
0x2ff4_3123,3
0x6efb_2122,1
0x8aba_2342,2
0x0ee6_1222,2
0x819f_2122,2
0xaff3_2212,1
0x0abd_2221,1
0x9b9b_212,0
0xaefd_1222,0
0x878e_1222,2
0x1697_2122,2
0x817e_2222,0
0x9ffa_1212,1
0x022c_2123,2
0x9b9b_221,0
0x0be9_3321,4
0x06b4_2221,1
0x82d4_2212,0
0x0898_3133,2
0x2cd3_2332,0
0x0129_1222,1
0x1ee8_3312,4
0x0886_2212,0
0x86ba_3232,2
0x3eef_2213,1
0x01ae_2122,2
0x99be_2212,2
0x8394_4123,2
0xadfe_1222,1
0x28e8_2323,2
0x9ee0_1222,1
0x6f6f_111,0
0xeeeb_1222,0
0x9bd9_2221,1
0x69af_1222,0
0x0bb9_1222,2
0x69af_2212,0
0x1ae3_3331,1
0x822d_2122,1
0xeee7_1122,0
0xadfb_1221,0
0x969f_3213,1
0x9adb_2212,2
0x2bc6_2221,2
0x8358_1222,1
0x8296_2313,1
0x8ab3_3331,3
0x1686_2221,2
0xadea_1222,0
0x1881_1221,0
0x839b_2212,0
0x839b_1222,1
0x02c4_2121,0
0x1ace_2212,2
0x97bf_3133,0
0x98bf_3331,1
0x839d_1222,2
0x2bd4_3331,1
0x18a5_2122,1
0x839d_2122,2
0x288e_2313,2
0x1992_2122,0
0x8357_1222,1
0x288e_2221,0
0x9ae8_1222,0
0x3eec_2221,2
0x829c_2132,0
0x9ee3_3231,0
0xeaad_2221,1
0x019b_2212,0
0xeffb_1222,0
0x82be_2122,2
0x0bbc_2212,1
0x019b_1222,1
0xeaae_1222,0
0x8aa2_2122,1
0x0678_2221,0
0xeef9_1333,2
0x68ad_2212,1
0x96e8_2122,1
0x89f1_1222,1
0x9696_112,1
0x1aea_2212,1
0x96bd_1333,2
0x82bd_2221,0
0x1ee1_1222,1
0x2bd4_1121,1
0x29dc_1222,2
0x03eb_3313,4
0x02ff_3321,0
0xa898_1222,0
0x2dfc_1222,1
0x98ae_3242,2
0x0bef_2212,1
0x08e6_2122,2
0x023d_2122,2
0x8bd2_2332,2
0xabfd_2221,0
0x0bf7_1222,1
0x3eec_2212,2
0x8aa7_3322,2
0x2ee4_1222,2
0x06af_2323,2
0x0bd0_2212,1
0x978a_3123,2
0x0bb9_2133,3
0x9ad7_3313,1
0x1af2_2221,2
0x1ee1_3331,1
0x968e_1222,2
0x9aed_1222,0
0x09e2_3231,1
0x968e_2122,2
0x2afd_2221,0
0xaff3_2221,1
0x07f1_2221,2
0xe9ae_3313,3
0x68ae_1222,0
0xebbd_1222,0
0xe9ae_3331,2
0x3def_2122,1
0x8eeb_2212,0
0x9ab8_3223,2
0x2ffb_2221,1
0xaad7_2212,0
0x8eeb_2221,0
0x81be_2212,3
0x82c5_2221,0
0x03e8_2122,2
0x1aae_2221,1
0xace7_4223,2
0xace7_2323,0
0x8386_2221,1
0x99bd_2122,0
0x013e_2221,1
0x079b_2212,1
0xade0_1222,1
0x8af1_2221,1
0x86ae_2122,2
0x1ef9_1222,1
0x3dfe_2221,0
0x19b0_2122,0
0xa9a9_122,0
0x89a7_2431,1
0x1f1f_221,0
0x0bfb_3322,1
0x2bd8_1222,1
0x07a8_2122,2
0x18f9_3223,1
0x1686_1322,1
0x2b2b_222,1
0x8bed_2222,0
0x001e_2221,1
0x979e_1233,2
0xaeea_1222,0
0xaff9_2221,1
0x03d4_2212,2
0xa8d6_2122,1
0xa9db_3313,2
0xaddf_2231,1
0x1686_3133,1
0xebff_1222,0
0x8259_2132,3
0xbddb_3121,1
0x2884_3231,2
0x2896_2221,0
0x99bd_2212,1
0x1686_2212,0
0x9adf_1342,2
0xa8c7_1232,2
0x0688_3133,1
0xe99e_1232,0
0x88be_3242,2
0x019b_2221,0
0x806e_2431,1
0x8182_1212,0
0x0688_1222,1
0x836d_2331,1
0xfefe_122,0
0x9afc_2222,0
0x9896_1233,0
0xabe9_2221,1
0xbddb_2212,0
0x02c8_2122,1
0x6ff9_2121,1
0x08b5_2221,0
0x08b5_1323,4
0x09b7_1233,4
0x8ff2_2212,1
0x08b5_2122,1
0x0229_1222,1
0xabcd_3242,1
0x1afd_2221,0
0x01ab_2342,2
0x82eb_2212,1
0xa8cb_3232,2
0x96ac_3212,1
0xaff9_1212,1
0xabcd_2332,1
0x86a4_3313,2
0x8692_1333,0
0x0359_3312,2
0x0359_2122,2
0x0aa6_2122,2
0x8667_3422,2
0x899e_2221,1
0x8be8_2243,2
0x6be9_2122,0
0x0359_2222,0
0x868f_2122,2
0x97fe_2221,0
0x8118_1222,0
0x8683_2221,0
0xe9ab_2221,1
0x888b_2234,2
0x28c6_2413,3
0x00bd_2221,0
0x87a9_2122,2
0x027f_3123,4
0x9ac9_3312,2
0x00bd_2122,1
0x966a_2234,1
0xacd4_3223,0
0x00bd_1222,1
0x812d_1223,1
0x800b_2221,0
0xabfe_1222,1
0x68ae_2212,1
0x2adc_1222,2
0xa886_1333,0
0xadfd_1222,1
0x88a3_3122,1
0x9ad8_2122,1
0x0081_2221,0
0x2ff4_2212,1
0xeae9_2221,0
0x1e1e_111,0
0x03a9_2212,1
0x2887_2212,0
0x0ad1_2212,2
0x2cda_1222,1
0x166b_1233,3
0x86ba_2231,1
0x2cda_2122,1
0x8bd1_1121,1
0x0ef7_2221,0
0x029d_1222,2
0x0ee9_2221,1
0x1ab9_2122,2
0x0229_2122,1
0x0792_2122,0
0x1be8_2212,2
0x0229_2212,1
0x0283_2122,1
0x813f_3224,2
0x0eea_2212,2
0x28d4_2221,0
0xadd9_3331,1
0x09b4_2221,1
0x801a_3212,1
0x039f_3223,2
0x28c3_3313,2
0x99b5_3132,2
0x1aae_3422,2
0x83d5_2213,2
0x800e_2212,0
0x86ad_1222,1
0x6abd_2221,0
0x0797_1332,3
0x6b6b_221,0
0xeef9_1233,2
0x6bfe_3133,1
0x0388_2122,2
0x0168_2221,1
0x8efa_2221,0
0x99af_1222,0
0x2bee_2221,0
0x9bfd_2221,0
0x2be9_3124,4
0x0abe_2423,2
0x1bbe_2213,2
0x029e_1222,2
0x03c5_2133,4
0x18f0_2122,2
0x2cfb_2212,2
0x1bbe_2331,3
0x96ee_1323,2
0xadf4_2221,2
0x3d3d_212,1
0xbcc2_1222,1
0x18ff_1222,3
0x2cf7_3321,1
0x02bf_2122,1
0x1717_111,0
0x0bd9_2221,1
0x03c5_2212,1
0x022f_2122,1
0x0bd9_1222,2
0x0682_2122,0
0x0aeb_2324,3
0x9bb9_2122,0
0xeffb_2212,1
0x17a9_3224,2
0x1698_3213,3
0x839e_2313,1
0x82bd_1222,1
0x8ab0_3221,2
0x0359_1332,3
0x839e_2221,1
0x6ad4_4223,2
0x83e9_2221,1
0x08f1_3133,3
0x2cf8_2221,2
0x88b2_2122,0
0x2bd8_2233,2
0x8661_1332,2
0x16a8_1232,1
0x99a5_1333,0
0xadf1_1222,1
0x9bf2_3322,0
0x08ad_2332,2
0x9ac9_2233,0
0x0119_1222,1
0x68ab_2221,1
0x9bfd_1321,2
0x878b_2234,2
0x29bc_2212,3
0x878b_1222,1
0x83ea_3422,2
0x00eb_2212,1
0x2dde_2221,0
0x03fd_3321,1
0x83ea_3232,1
0x2cdc_2221,1
0x98bc_1222,1
0xacc5_2222,0
0xa9d4_2212,1
0x013e_2122,2
0x9789_1222,1
0x1ab9_1222,1
0x9be3_3132,1
0x2bd4_2221,0
0x02c2_2122,1
0xade6_1333,1
0x9bb9_1222,0
0x9bfb_2122,1
0x99f6_1332,0
0x96e8_3122,2
0x0bd9_2212,1
0x89fe_2212,1
0x02d9_1222,2
0x1698_1233,1
0x1881_2121,0
0x3efd_2211,1
0x1aef_2221,0
0x1881_2212,0
0xa8d6_2221,0
0x8673_1222,2
0xaeff_2331,0
0x1aa8_2122,2
0x06bd_4223,4
0xa9ac_3224,2
0x0243_2212,1
0x29ec_1222,2
0x2cef_3422,3
0x889f_1222,1
0xade5_1222,0
0x1b1b_222,1
0x06f9_2111,1
0x0ab4_2122,2
0x1eeb_2212,0
0x82a9_2321,0
0x0ab4_2221,0
0x19f1_2122,2
0xbcfe_2212,1
0x068b_3223,1
0x2bde_3321,1
0x0bf1_2143,3
0x02fe_2342,2
0x89ef_3242,3
0x9669_2223,0
0x29df_3133,3
0x1af7_2221,0
0x02df_4322,1
0x89ef_2332,2
0x802c_2212,0
0x022c_3133,2
0x022c_2221,1
0x07f1_1222,0
0xebd7_1222,0
0x9886_1234,0
0x0283_3313,2
0x6ad7_2221,0
0x86ae_2132,1
0x1ad0_1222,2
0x06a1_1332,1
0x2dd4_2234,2
0x1ab6_3312,4
0x18ff_2122,3
0x97ef_3133,1
0xebdb_1122,0
0x82c9_2122,0
0x1ac2_2122,1
0xaeec_3313,4
0x1af4_2213,3
0x2dde_2212,0
0x89a4_1333,1
0x969a_2332,0
0x079e_3232,2
0xacd1_1222,1
0x68bc_2122,1
0x99f0_1211,0
0x079e_3331,3
0x0ab7_1222,2
0xa9de_3223,0
0x0690_2211,0
0x8098_1222,0
0xaeec_3331,4
0x07e9_3231,3
0x079e_1222,3
0x169b_2122,0
0x867f_3331,1
0x19fe_2212,1
0x022c_2132,2
0x06e1_2221,0
0x98fb_2221,0
0xe9fe_1222,0
0x089e_3232,1
0x0690_1222,0
0x0bfe_2221,0
0x099f_1222,1
0x28ac_2212,1
0x011a_2213,0
0x2df1_3231,3
0x28ac_2221,1
0x0aad_3312,2
0xadfb_2212,0
0x86e9_1222,1
0x02d5_2212,2
0x9ad4_4223,2
0xaff6_1221,1
0x29a8_2221,2
0x8187_1222,1
0x82a9_2231,0
0x2adf_1222,1
0xebfc_2331,1
0x1683_2122,0
0x03a9_2122,1
0x2afd_1222,1
0x07ea_2221,2
0x81be_2122,3
0x81aa_1222,0
0xade9_2122,0
0xebfc_3313,1
0x8799_3322,1
0x08b6_2221,0
0x0356_2222,0
0x88be_2233,2
0x3ddf_3331,1
0x0992_3123,1
0x0bd3_2212,2
0x3cdb_2212,0
0x80ab_2212,1
0x06a5_2212,0
0x97e9_2221,0
0xabbf_1222,1
0x82e8_2423,1
0x3eec_3322,1
0x9bf4_2122,0
0x0bd3_2221,2
0x0ad2_2122,1
0x899b_4231,1
0x3dfd_2122,2
0x3cdb_1222,1
0x28be_3211,2
0x0394_3132,1
0x189a_1222,0
0x8ff1_1233,3
0x1ffe_2221,1
0x012c_3211,1
0x835b_2213,1
0x1ffb_2221,1
0x03bd_2212,2
0x9eef_3231,0
0x8241_2122,0
0x2ff7_2221,1
0x0bdf_1323,4
0x08b2_2331,1
0x8ffe_2212,1
0x09b1_1222,0
0xacee_2212,1
0x69fe_3132,0
0x18ff_2221,0
0x001e_3211,1
0x86f1_2122,2
0x28c5_2221,0
0x8af8_1222,0
0x0ac0_2212,1
0x1acb_2212,0
0x2997_2212,1
0x9add_2212,1
0x97ef_1333,1
0x6ad4_1222,1
0x9ae2_3223,2
0x077a_3231,4
0xbffe_2122,1
0xabcb_2221,1
0x0ad4_1222,1
0x9aee_2212,1
0x87bd_3313,0
0x003d_3321,1
0x003d_3123,3
0x2bca_2212,0
0x8ab3_4321,3
0x2bc9_2212,1
0x8118_1321,1
0x2cea_2212,1
0x9bf7_1223,2
0xfeef_1222,0
0x8bd2_2234,3
0x9bf7_1322,2
0x6ac6_2212,1
0x0bea_2221,2
0x3dfe_2311,2
0x29ef_3232,1
0x0381_2212,0
0xe9fe_2221,1
0x2ee8_3232,2
0xa89e_4232,3
0x86bc_2313,3
0x01bc_2122,2
0x28be_2222,0
0x89f2_2221,1
0x82a9_2212,0
0x07a0_4321,2
0x02d6_2122,1
0x822b_2313,1
0xeaab_2313,2
0x89b3_1222,1
0x2bc5_2221,2
0x89b3_2122,1
0xaee6_2212,2
0x0285_1222,1
0x012c_2212,1
0x18f6_3224,3
0xadfd_2212,0
0xbcef_2221,0
0x002e_2221,1
0x3dec_2212,2
0x1bfa_2323,1
0x87e1_2122,1
0x2bc9_2122,2
0x09aa_2122,1
0x06bd_3422,1
0x836b_2221,1
0x6ad8_2212,2
0xaad7_2221,0
0xaac3_2432,1
0x0186_1223,2
0x2dd2_2222,0
0x89f1_2122,2
0x0254_1222,1
0x03d7_2122,2
0x0be5_2212,1
0x0186_3231,1
0x029e_2122,1
0x07e6_2212,1
0x8aa4_1222,0
0x6bec_2122,0
0x811b_3331,1
0x29d9_3221,1
0x87f9_2221,0
0x007e_2221,0
0x0009_2221,0
0x2de7_2212,0
0x97a8_2122,1
0x07b5_3321,3
0x825c_3231,0
0x8281_2122,0
0xadf2_2212,0
0x0ae4_2221,0
0x09a6_3223,0
0x97a8_2212,1
0x0bfd_2221,0
0x013e_1222,2
0x88a3_2321,1
0x012a_1222,1
0x0be6_2221,1
0xabea_1222,0
0x00be_2221,0
0x8782_2243,2
0x97ae_1333,1
0x811b_2143,3
0x18b1_2221,0
0x9af3_2222,0
0x3efe_2122,2
0x89b5_4322,2
0x07b6_2212,1
0x07fb_2221,0
0x0ee9_1222,1
0x2cd6_2221,0
0xbdbd_112,1
0x07ba_2221,1
0x079e_2332,2
0x839b_2122,1
0x9f9f_121,0
0x6999_1222,0
0x08f2_2221,0
0xbdff_1222,0
0x0246_1222,2
0x1bd2_2221,2
0xfeff_3321,0
0x83fd_1222,1
0x9bf8_1222,1
0x29ae_1222,0
0x89b6_2122,1
0xabd5_1222,0
0xe9ea_2221,1
0x2cf4_2122,2
0xabef_1222,1
0x18a5_2212,0
0x0779_2331,2
0x9bbf_1222,1
0x81ac_3322,0
0x0395_2222,0
0x038e_2221,2
0x1bfa_3422,2
0x8ee7_2423,1
0x8ee7_2432,1
0x6abd_2123,2
0x299d_3322,1
0x0ff6_1222,2
0x29cd_2221,1
0x1be4_2221,0
0x299d_2212,1
0x07ab_1222,2
0x0ad4_2221,0
0x0aa3_2221,1
0x19e3_1322,3
0x1afb_2221,0
0x6aca_3223,2
0x6bef_2212,0
0x8bff_2221,1
0x9bd6_1333,1
0x016b_1222,1
0xaac3_2223,1
0x8389_2221,1
0x82c0_2122,0
0x06fa_2221,2
0x03ca_2221,2
0x82d4_2122,0
0xa89e_2212,1
0x9796_1233,0
0xebde_3331,1
0x2aa8_1222,0
0x823c_3123,1
0x96eb_3133,1
0x0258_2221,0
0xebed_1222,0
0x03c5_2221,2
0x99be_1222,0
0x6be9_2212,0
0x0690_2112,1
0xacfc_3223,1
0xbeeb_2212,0
0x9892_1222,0
0x869e_1222,2
0x1aa4_2212,0
0x28ed_2212,2
0x82a9_1222,0
0x3e3e_221,1
0xaffd_1332,1
0x29ea_2212,2
0xbcec_2221,1
0xbcfd_2212,1
0x08a2_1221,0
0x87b1_4232,2
0x8247_2122,1
0x9ef2_3133,3
0x8ad3_2122,1
0x6fff_2212,0
0x099f_2131,2
0x98b6_3313,2
0x006b_3132,2
0xbdeb_2221,0
0x2aef_2221,0
0x0efb_2122,1
0x029d_2221,0
0x8991_2312,2
0x03d8_1222,2
0x836d_1222,1
0x1bb2_2332,2
0x1bb2_2212,2
0x09a4_4213,2
0x0bbf_3322,1
0xacc6_1222,1
0x2dd7_2212,0
0xeef3_2122,0
0x0ab0_2331,2
0x6bdf_3312,1
0xa9ee_2221,1
0x008b_2221,1
0x89bc_2122,2
0x89f2_1332,1
0x18e7_2212,1
0x09ff_1222,2
0x28be_2212,2
0xaac5_2233,1
0x86ba_2122,2
0x8ff1_1323,3
0x99fa_1222,0
0x0aa9_2221,1
0xa9d8_3133,3
0x08b6_2212,1
0x98b6_2221,1
0x825f_2323,1
0x2de4_2234,3
0x0006_2212,0
0x8aa1_1222,0
0x2ee8_1222,2
0x2ff8_2212,1
0x18eb_3213,5
0x0bdf_2212,1
0x99eb_2212,1
0x8781_1222,1
0x2cf4_2221,2
0x3cdb_2122,0
0xaffc_2212,1
0xaffc_2221,1
0x0672_2221,1
0x69be_2122,1
0x1ff7_3312,3
0x8247_2212,0
0x87fa_2221,0
0x8281_1212,0
0x0be5_2221,1
0x1998_2212,2
0x012f_3221,1
0x0bf2_2122,1
0x29ce_1332,1
0x8bf5_2221,0
0xebff_2221,0
0x96aa_1233,1
0xe9ab_1232,0
0x816f_3223,2
0x1ff1_3312,2
0x2dd4_2221,2
0x079b_1222,2
0x0ab1_2221,0
0x09e2_2212,1
0x8793_2313,2
0x0081_1222,0
0x68ad_2221,1
0x9797_123,1
0x82c0_2312,1
0x2cd5_1222,1
0x1887_2221,0
0x9ef7_2432,0
0xadec_3221,1
0x82c0_2212,0
0x0018_1222,1
0x829f_2132,2
0xbdeb_1122,0
0x0687_1222,2
0x9be9_1222,0
0x82bd_2122,2
0x2ff4_1222,2
0x28be_2332,1
0x2dd8_2234,2
0x2ac7_2221,1
0x82ac_2231,0
0x19a2_1222,0
0x016b_2122,1
0x03e8_2221,0
0x8199_3212,2
0x0186_1233,2
0xaaaa_1,0
0xa8c1_3232,1
0x1adf_2221,0
0x1bed_2221,0
0x0672_2122,1
0x1af1_2221,0
0x08ef_2221,1
0x0779_3412,4
0x8086_2122,0
0x6ac6_3231,4
0x28db_2233,3
0x9bec_1222,0
0x99f6_1233,1
0xabc7_2221,0
0x9bf8_2122,0
0x188b_3313,2
0x0bb6_2212,1
0x98f1_3232,1
0x8068_1222,0
0x829f_2221,1
0x9aff_1221,0
0x09e2_3223,2
0x8be4_2212,2
0x3dda_1233,2
0x028f_3221,2
0x02d5_2122,2
0xe9ad_1222,0
0x1aec_1222,2
0x83ad_2212,1
0x978f_1222,2
0xbddb_2113,0
0x09a3_3321,3
0x0aa3_2423,3
0x06f6_1111,0
0x025e_1222,3
0x2ee2_2222,0
0x6aac_3232,3
0x19fe_2221,0
0xefff_3231,0
0xe8ff_2221,0
0x06b7_1333,4
0xe896_1232,2
0x089e_1222,1
0x83c1_1222,1
0x066f_1111,0
0x1eeb_2221,0
0x8bb1_2212,2
0x9acf_1222,1
0x0aa3_2324,3
0x09f9_1211,0
0x9eea_1332,1
0x86b3_2221,1
0xaabd_2122,1
0xeef6_2122,1
0x9eea_2212,0
0xe9bf_1233,0
0x9eea_2221,0
0x0be3_2221,2
0xebfc_2212,0
0x026e_2122,2
0x288b_2221,0
0x1af7_2212,2
0x3ee9_3123,1
0x2aec_3321,3
0xaee9_1222,0
0xa8d6_2212,1
0x1781_4322,2
0x0bea_2212,1
0x1ffe_2212,1
0x9688_1322,0
0x03ac_2221,0
0x2cd0_1222,1
0x06b1_2122,0
0x3cd7_2221,0
0x2ff2_2211,0
0x83c1_3321,3
0xa9cf_2222,0
0x9abd_1222,0
0xeee1_2222,0
0x9ee6_1332,1
0x6b6b_212,0
0x98f1_2332,1
0x3ddc_2212,2
0x6ae8_4223,3
0x3ddc_2221,2
0x3ceb_2122,0
0x09f0_2122,1
0x817e_2122,2
0x069f_2222,1
0xbddb_1221,0
0xacf6_3132,2
0x88a6_3321,2
0xacf6_2222,0
0x9af6_1232,1
0x8ee8_2423,2
0x01bc_2212,2
0x6ad8_2122,1
0x8abf_2221,0
0xabdf_3221,1
0x83da_3321,2
0x1be2_2212,2
0x2ccd_4322,3
0x99f9_2122,0
0x29ab_3122,2
0x3cc5_1323,0
0x9ef1_1222,1
0x0786_2221,2
0x1aa1_2221,0
0x838a_2122,1
0x82bd_2233,2
0x02ec_1222,1
0x8796_2212,0
0xadf2_2122,1
0x83e9_1222,1
0x97bc_2221,1
0x06bb_3123,3
0x69aa_1121,1
0x00be_2122,2
0x9eef_2221,0
0x2de4_2212,2
0x039f_2122,2
0x067e_1222,3
0x9bba_1222,0
0x98e9_2212,1
0x8bb7_2222,0
0x2de1_2212,0
0x87aa_3322,2
0x3cde_2212,0
0x899b_3241,0
0x28eb_2222,1
0x0bd0_2122,2
0x806b_3331,0
0x8689_1222,0
0x0efb_2221,0
0x0af6_2423,2
0x1668_1222,2
0x0ae2_2221,1
0x6bef_2122,1
0xa8ce_3232,1
0x88a3_2212,0
0x879f_2122,2
0x0297_3122,1
0x9aa3_3232,3
0xfefe_212,0
0x2dd2_2221,0
0x09b1_2122,0
0x19f2_2221,3
0x0abe_3322,1
0x8228_1213,0
0x7e7e_111,0
0x28bd_2132,3
0x08e6_2221,0
0x02d6_2212,1
0x82c3_2122,0
0x29bc_1222,1
0xabfd_1222,0
0x0672_1222,2
0xeaab_1222,0
0x011f_2221,1
0x0bd3_2122,1
0x18b1_1332,2
0x02d5_2221,0
0x812e_3132,1
0x98b6_3221,1
0x87a3_3212,2
0x0069_3133,3
0xefef_122,0
0x02e9_1222,1
0x83c4_1222,1
0x8793_2132,1
0x869e_2212,1
0xa9d8_1222,1
0xadea_2221,1
0xa9aa_2234,0
0x07ba_3212,2
0xebff_2212,0
0x0aa6_2221,1
0xa9d7_3313,3
0x07ba_1222,2
0x6bfd_2121,0
0x6aeb_2122,1
0x1ace_2221,2
0x829f_1232,2
0x82e8_2212,1
0x29bc_2122,3
0x88a9_1222,0
0x8242_1212,0
0x9efe_3412,3
0xa99a_2212,1
0x9abe_1222,0
0x9797_313,1
0x83ec_2331,2
0x0892_1221,0
0x6ad7_2212,1
0x89fb_2212,1
0x82d7_2222,0
0x2bca_2221,2
0x18a9_2221,0
0xfeea_1222,0
0x09be_3312,2
0x28db_2332,0
0x6ad7_2122,1
0x6adb_2122,0
0x08e3_2212,1
0xe8bd_2222,0
0x089e_2332,1
0x0258_1222,2
0x012a_2221,1
0x824b_2212,0
0xaeae_122,0
0x02ab_2432,2
0x8781_2234,1
0x83ad_1222,2
0x69bd_3132,0
0x1697_1222,2
0x07ab_2221,2
0x817e_1222,2
0xace7_3322,1
0xeef9_2221,0
0x836b_4123,2
0x016e_2221,0
0xadf1_2212,0
0x86ad_2122,1
0x8242_2122,1
0x9ab1_2122,1
0x0006_1123,1
0x01ea_2221,0
0xa8ce_2342,2
0x8af1_1222,2
0x099f_2332,2
0xa8ef_3313,2
0x8241_1222,0
0x86e9_3132,3
0x28eb_1121,1
0x6886_1222,0
0x06e2_2221,1
0x039a_2222,0
0x19f2_3132,2
0x024f_1222,2
0x836e_3123,3
0x89f8_1222,1
0x1bd2_3242,3
0x2bc9_1222,1
0x0bd0_2221,1
0x03d8_2122,2
0x09b1_2221,1
0x0aa3_2342,3
0x827d_2231,0
0x2bd4_2222,0
0x0ac0_2221,1
0x9eef_2212,0
0x6ee0_1222,2
0x0990_1211,0
0xbcc7_2212,0
0x01fe_2221,0
0xbcef_2212,0
0xbcc7_2221,0
0x9ffa_1231,2
0x9eef_1222,1
0x1bf6_2221,0
0x89e3_1323,2
0x1bb5_2313,3
0x026b_3232,1
0x825c_4321,3
0x026d_2212,1
0x1899_1222,0
0xaaac_2234,1
0x068b_2221,1
0x2ff4_2133,3
0x013d_2122,2
0x1adf_2122,2
0x1adc_2122,2
0x0243_2122,1
0x9bea_1222,0
0x023d_2212,2
0x0101_122,0
0x07fe_2122,1
0x97fe_3121,1
0x98f1_3221,0
0x98f1_3133,3
0x1be1_2212,2
0x0ae1_2122,1
0x28be_2121,1
0x029b_4231,2
0x98f1_1222,1
0x8781_2243,2
0x8182_1122,0
0x02a8_1222,1
0x28be_1221,0
0x29ce_2122,1
0x037d_2321,3
0x83c1_2212,0
0x0bd6_3231,2
0x8be8_4223,1
0x0ff6_2212,1
0x3cd7_2122,0
0xabab_122,0
0x81bd_3232,1
0x86b3_1323,2
0xbffd_2212,1
0x28eb_2212,1
0x0886_1222,1
0x0006_2221,0
0x83ad_2123,1
0x9696_321,0
0x1689_1332,2
0x979e_1333,1
0x2be8_1111,0
0xadf7_1221,0
0x9be9_3133,2
0x0bda_1222,2
0x9696_211,1
0x99bd_2221,0
0x1aab_2221,1
0x037e_3133,5
0x28ee_3232,2
0x8781_2122,1
0x0018_2122,1
0x69ee_1222,0
0xa9aa_2323,0
0x8e8e_222,0
0x835e_1222,2
0x868a_1333,1
0x9be9_2212,1
0xe9bf_2313,2
0x18f9_2323,1
0xbdde_2131,1
0x169b_2212,1
0x07e9_1233,4
0x988a_1222,0
0x18bd_2111,1
0x00be_2212,2
0x001b_2221,1
0xabd6_2221,0
0x09f6_2222,0
0x0786_2122,3
0x6be9_1222,0
0x86ae_2212,1
0x1ab6_4213,5
0x026b_2122,1
0x89a7_2212,0
0xbcec_2212,0
0x0006_1222,1
0xbddb_2122,0
0x9be3_2231,1
0x02fe_3321,2
0x9ad4_2221,1
0x8881_1222,0
0x0268_2122,1
0x024f_2122,2
0x07ad_1222,2
0x0009_1222,0
0x89f2_1243,2
0x0bef_3331,2
0x3ddc_4322,2
0x2ded_2212,0
0x02ce_4322,0
0x97fe_3211,1
0x86bf_3132,1
0x969f_1234,2
0x07e6_2122,3
0x89f2_2212,1
0x2ccd_2221,1
0x029b_3232,2
0x829a_2213,1
0x969f_3221,1
0x968e_2221,0
0x6bbf_2212,1
0xaeea_2212,2
0x029d_2122,1
0x3dfd_2212,2
0x9ad4_1222,1
0x1ee7_2212,0
0x8aa8_1222,0
0x2de4_3242,3
0x827d_2212,2
0x823c_2312,0
0x89a1_1222,0
0x9798_4322,2
0x18a3_3312,2
0x28db_1332,3
0x02ef_2221,1
0x81e8_2243,2
0x823c_2132,0
0x6abe_2122,0
0x2de4_1222,2
0x979e_3212,0
0x9a9a_122,0
0x3e3e_212,1
0xa8ef_2221,0
0x28bd_2243,3
0x9696_222,0
0xaad7_2122,0
0x0ee3_2221,1
0x828e_2221,0
0x82c3_2212,0
0x9fff_3312,0
0x867f_1333,3
0xaffd_1323,1
0x2ac2_2122,1
0x28bd_1222,1
0xadd6_2431,1
0x817e_3331,0
0x689b_2122,0
0xabdf_1222,1
0x9bf2_2432,1
0x013d_3313,5
0x09f6_2311,0
0xacd8_2323,2
0x8bb1_2221,2
0x0ff6_2221,1
0x28db_2312,3
0x3efe_2212,2
0x829f_2323,2
0xe9ab_3123,2
0xaddf_3221,0
0x98bf_2312,2
0x01ef_3422,2
0x828e_2212,0
0x0bdf_3133,5
0x0bef_2122,1
0x1882_1212,0
0x01ef_3231,3
0xacc5_2111,0
0xacd7_2221,0
0xe881_2222,0
0x9aeb_1222,0
0xabd6_3331,0
0x1abc_3122,4
0x828b_2212,0
0x099f_2311,0
0x8ff1_2221,1
0x29dc_3231,0
0x81bd_3222,0
0x0258_1231,2
0xe9bf_2122,1
0x81ff_2221,0
0xeaef_1222,1
0x827e_2122,3
0x9ef2_3313,0
0x0ff9_1222,1
0xa8ea_2221,0
0x1beb_2212,1
0x089b_2221,0
0x07f2_2122,0
0x069f_1212,1
0x82d7_2122,1
0x0bf4_3321,0
0x289c_2123,1
0x018a_2221,1
0x18b7_3223,3
0x83c1_2122,0
0xaef4_2332,1
0x07bf_1333,4
0x8ff1_1332,3
0x0606_111,0
0xabc1_1222,1
0x8893_2212,0
0x17e8_2221,0
0x03d7_2212,2
0x08f2_2122,1
0xe9ab_2212,1
0x8358_2122,1
0x0ac6_2222,0
0x0bb6_1222,1
0xeff7_1222,1
0x17a9_2212,1
0x6eea_2122,0
0x19f1_4321,6
0xa9ca_2212,2
0x037e_2221,2
0x07e6_1222,2
0x9bfe_1222,1
0x97bf_3132,0
0x969f_1333,1
0x1bd1_1222,1
0x02c7_1222,1
0x2acd_2122,1
0x80ab_2122,1
0x689b_2212,0
0x2dd2_2122,1
0x8bb1_1222,1
0x828b_2122,0
0x96eb_1332,0
0x2dff_2211,0
0x8128_1222,0
0x17e8_1222,2
0xade9_1222,0
0x8bd2_2122,2
0x0028_2221,0
0x007e_1222,2
0xaade_2212,1
0x1698_2221,2
0x1af4_2221,0
0x96eb_3223,0
0xaeea_2221,2
0x09bd_3322,1
0x09a5_2122,0
0xebed_2212,0
0x0aa9_2122,1
0x89a7_3122,2
0x011a_1332,2
0x19a8_2231,4
0x979e_1332,2
0x0be6_2122,1
0xbdd4_2323,0
0x02c7_2221,1
0x2adc_2122,2
0x0ae1_2212,1
0x2adc_2221,1
0x9786_4322,0
0x09bd_2212,1
0x2deb_2212,0
0x027c_2221,0
0x06a5_2221,2
0x89ea_2221,1
0x969f_3122,0
0x1bb2_2221,3
0x818b_2233,0
0x6bfd_1231,1
0x02ad_2212,1
0x0aa3_2212,1
0x0189_1222,1
0x09eb_2212,1
0x06a5_2122,1
0x0909_121,0
0x2ffe_2221,2
0xa8bf_2321,1
0x98f7_1222,2
0x03eb_2122,2
0x0ab7_2212,1
0x29ec_2221,2
0x0bba_2221,1
0xebbe_1222,0
0x88b1_3232,0
0x9bf7_3221,0
0x18a5_1222,0
0x0bba_2212,1
0xade9_2221,1
0x8af1_2212,2
0x2887_2221,0
0xbeed_2221,0
0xade5_2221,1
0x17e8_2122,2
0x9bb9_2212,1
0x0bec_2312,2
0x2ae9_4321,3
0x9686_1233,0
0x87e8_2122,1
0x06e7_2423,3
0x1ee1_2222,0
0x1bf5_2221,0
0x8bf6_3231,1
0x02d9_2221,0
0x2ee8_2234,2
0x2ce9_2212,1
0x0186_1232,2
0x0bd6_3422,1
0xaee6_1222,0
0x00bd_2212,1
0xa889_1222,0
0x82e8_2122,1
0x00eb_2221,0
0xa8cd_3241,3
0x16a8_2122,2
0x86a1_3421,3
0x08b6_1222,2
0xa9ac_4223,3
0x6ef7_1221,1
0x98a2_2122,1
0x87e1_2322,0
0x8089_1222,1
0x86b0_3242,2
0x1be4_1111,0
0x7777_11,0
0x009f_2122,1
0x8ee8_2332,1
0x0ae7_2423,3
0x2ff1_1233,3
0x2dd2_3312,0
0x29a8_1222,0
0x29df_1222,1
0x87be_3312,0
0x8992_2212,1
0x9bec_2122,0
0x06b1_2221,0
0xadd5_2212,1
0x68fe_4232,2
0x968e_2212,1
0x97ad_2221,1
0x09bd_2122,1
0xabd6_2122,1
0x18b1_2122,1
0x2997_2122,1
0x8ae3_3312,2
0x022f_2212,1
0x0081_2122,0
0x8882_1122,0
0x2aef_2123,2
0x0bd0_1222,2
0x17a9_2331,1
0x8aae_3231,1
0x2de8_1222,1
0x6ee3_3133,2
0x17a9_2122,1
0x0bd6_1222,2
0x8aa2_2221,1
0xe9fe_1233,1
0x6bfd_1222,1
0xbffe_2212,1
0x1887_2212,0
0x03c4_3132,2
0x966f_1333,1
0x18e8_2222,0
0x19f1_1222,2
0x028f_3213,2
0x6bda_1222,0
0x822d_3313,1
0x17eb_2221,0
0x6be9_3421,4
0x9696_123,0
0x1887_1222,1
0xa9ee_1432,1
0x17a9_1222,2
0x1ace_1222,2
0x96e8_1222,1
0xabda_2122,2
0x9bfd_1222,1
0x0669_2221,0
0x288e_3412,4
0x1ee1_3313,1
0x2994_3313,1
0x08e6_3221,0
0xacc9_2332,3
0x9bea_2212,1
0x1aa4_2122,2
0xeadf_1222,0
0x28c0_2212,0
0x18e7_2221,0
0x0892_2122,1
0x08a1_1222,0
0x0bbf_2221,1
0x0ab4_2212,2
0x8128_3133,1
0x6afc_1222,0
0x1aec_2221,1
0x98ef_2212,0
0x9ffa_2221,2
0x06bd_3224,4
0x979b_1233,1
0xa9d4_3223,1
0x9889_1222,0
0x288b_2212,0
0x82eb_2321,0
0xabea_2231,2
0x1ef3_3313,2
0x0883_2122,1
0x2ce3_2332,0
0xa9eb_1222,0
0x1683_1222,1
0x9efe_3213,2
0x98b5_1222,1
0x8284_2312,1
0x879f_1222,2
0x9ff9_1211,0
0x8661_1333,0
0x8187_2122,1
0x0af6_1222,2
0x025d_2122,2
0x97ae_4232,2
0x8269_3223,0
0x8380_2212,0
0x2ac8_2212,2
0x6ac3_2432,2
0x2de1_1121,1
0xade5_2212,0
0x869b_3122,2
0x1ef3_3221,1
0x83a8_2122,1
0x83a8_2212,1
0x8bf9_2212,0
0x0ab2_2221,1
0x1ee1_2221,0
0xabdc_2212,1
0x82c6_3312,3
0x1799_1222,1
0x18aa_2122,2
0x8698_3133,2
0xaefe_1222,1
0x9ab4_3123,4
0xaee6_2221,2
0x0399_2342,1
0x0ab8_3213,4
0x86b3_3133,3
0x3cc6_3123,1
0x02ab_2221,0
0xeefa_1222,0
0x01bf_2122,1
0x2aa8_2212,2
0x08fb_2221,0
0x07b6_2221,2
0xe997_1233,0
0x03e8_2212,2
0x0789_1222,2
0x99b2_2122,0
0x022f_2221,1
0x28db_2221,1
0xefef_212,0
0x88f6_1222,2
0x8296_2132,0
0x8ad0_3322,1
0x2cc8_2212,2
0x0396_1222,1
0x006f_2122,2
0x8282_112,0
0xadd5_2221,1
0x166b_2313,3
0x1ffb_2212,1
0x69aa_1222,0
0x02cd_1222,1
0xaabd_2212,1
0x024a_1222,2
0x06ac_1222,1
0x016b_2221,1
0x89ea_2122,1
0xbeff_2112,0
0x09bd_2221,1
0xaef4_3322,1
0x0886_1233,0
0x812e_2321,0
0x82af_2212,1
0x89a2_2212,1
0x2cda_3221,1
0x68a8_1222,0
0x8ee8_2233,0
0x29fe_3123,3
0x07ad_2332,1
0x6bbf_2313,2
0x0682_2312,0
0x9af5_2221,0
0x1afe_2122,2
0x8bde_2233,1
0x6bbf_1222,1
0x0898_1233,3
0x2ac7_1222,1
0x8ad3_2212,1
0x83df_2331,1
0x8ff2_2221,1
0x02e9_2122,1
0x1bd1_2122,1
0x8b8b_222,1
0x98ad_3132,3
0x8086_1222,1
0x0ad8_2423,2
0x86e9_2221,1
0x6adb_2212,1
0x02e9_2212,1
0x818b_3123,2
0xa9bd_1222,0
0xadd6_1333,1
0x88bd_1222,1
0x1998_2221,2
0x2dd7_2221,0
0x1ff1_2221,1
0x9aac_4223,4
0x98ea_2122,1
0x1ee2_2243,2
0x016b_3313,4
0x6add_2221,0
0x1ee2_2234,2
0x8ee7_2342,2
0x6acf_2222,0
0x19f1_3331,5
0x1aec_2122,3
0x8bb8_2233,0
0x699f_2212,0
0xaaac_2243,1
0x03bd_2122,2
0x1bb8_2221,3
0x1ee7_2221,0
0x99a3_2122,0
0x037e_2212,2
0x18a6_2122,1
0x07a4_2221,3
0x83c2_2321,2
0xabdf_2221,0
0xabd5_2212,1
0x19ba_2122,1
0x8228_1123,0
0x8228_1222,0
0x2efa_2122,1
0x8ad6_2221,1
0x8ee7_3232,1
0xbcfd_2122,1
0x8bb8_3232,2
0x066a_2221,1
0x09e7_4223,4
0x9ef2_3321,2
0x8be8_1222,0
0x3efd_2121,1
0x08ae_2221,0
0x8992_2133,0
0xa886_2212,0
0x2882_1212,0
0x2cfb_2221,0
0x9be9_2221,1
0x03ca_4232,2
0x1be7_2221,0
0x018f_2122,2
0x89a7_1332,2
0xa8fd_2432,2
0x0082_2122,0
0x168f_3231,4
0xbdeb_1212,0
0x08a4_2212,0
0x8ef3_2122,1
0xadf4_2212,0
0x09be_3221,1
0x0883_3313,2
0x00eb_2122,1
0x88bd_2122,1
0x0798_3122,2
0x96eb_2321,1
0x9afc_3212,1
0xa9cc_2332,2
0x0bbf_2212,1
0x0bfe_2122,2
0xbcd6_3122,0
0x017f_1222,1
0x0ef1_3321,0
0x6ade_1222,0
0x9bec_2212,2
0x2cdf_1222,1
0xabea_2212,2
0x299e_1222,1
0x03c8_3132,2
0x88a6_2212,0
0x8be2_2222,0
0x9ae2_2221,2
0x1abf_3322,2
0x8998_3322,1
0x8ab6_3322,2
0x89f8_2122,1
0x07b6_1332,4
0x2dd8_2221,2
0x2ffe_2212,2
0x699f_1333,2
0x98a8_1222,0
0x89ba_3232,2
0x09ee_1222,2
0xe998_2221,1
0x878e_2122,2
0x19fe_1223,3
0x9abb_1222,0
0xe998_2212,1
0x069a_3132,3
0xbee8_2234,1
0x1782_2122,0
0xacc5_1121,1
0x8be4_3133,3
0x2bc6_2323,1
0xabea_2122,2
0x9aa6_1323,1
0x07a4_2122,2
0x017f_2221,1
0x07bf_2221,1
0x28a9_2212,1
0x2881_1212,0
0x099f_3322,1
0x18f0_1222,2
0x8068_2122,0
0x9bda_1222,0
0x88e1_2222,0
0x1bb1_1111,0
0x1ab9_2221,1
0x89b9_3231,1
0x0018_2221,0
0x9adb_2122,1
0x8ffb_2221,2
0x1bb5_3312,3
0x86f1_1222,2
0x8bfa_2321,0
0x08b5_2212,1
0x87e8_2243,1
0x9669_1222,1
0x835e_3123,4
0x87e8_1222,1
0x1bb8_2212,3
0xaac3_3322,1
0x0168_3133,2
0x0bb6_3133,2
0x0bb6_2221,1
0x9681_1333,1
0x09a3_2222,0
0xaac3_4232,2
0x2adf_2221,0
0x09f0_1222,1
0xadf1_2221,2
0xa8ae_2221,0
0x688f_3312,2
0x86e3_1222,1
0x1eff_2221,1
0x9ae4_3132,2
0xa8bf_2212,1
0x8bbd_2243,0
0xaefb_1221,0
0x877b_2243,1
0x99f9_1222,0
